Game_Name,Price
PLAYERUNKNOWN'S BATTLEGROUNDS,29.99
Counter-Strike: Global Offensive,14.99
Wallpaper Engine,3.99
Dota 2,0
Tom Clancy's Rainbow Six Siege,14.99
Grand Theft Auto V,59.99
Left 4 Dead 2,19.99
The Witcher 3: Wild Hunt,39.99
Tom Clancy's Ghost Recon Wildlands,59.99
Crusader Kings II,39.99
Far Cry 5,59.99
H1Z1,0
Dying Light,17.99
Don't Starve Together,14.99
Human: Fall Flat,14.99
Warhammer: Vermintide 2,29.99
The Long Dark,29.99
Rise of the Tomb Raider,19.79
Borderlands 2,19.99
Assassin's Creed Origins,59.99
Metro 2033 Redux,19.99
Dead by Daylight,19.99
Warframe,0
Metro: Last Light Redux,19.99
Door Kickers,19.99
DARK SOULS III,59.99
Slay the Spire,15.99
Battle Royale Trainer,4.99
Kerbal Space Program,39.99
Life is Strange - Episode 1,0
Lost Castle,9.99
Outlast 2,29.99
AI Escort,1.99
KOEWOTAYORINI /,0
Torchlight II,19.99
Aim Hero,4.99
A-Gents,1.99
Tomb Raider,19.99
Euro Truck Simulator 2,19.99
Mini Metro,9.99
Drift (Over) Drive,0.99
Tom Clancys The Division,49.99
Divinity: Original Sin - Enhanced Edition,39.99
Action Henk,14.99
SMITE,0
HELLDIVERS,19.99
NEKOPARA Vol. 1,9.99
Dead Rising 4,39.99
CPUCores :: Maximize Your FPS,14.99